﻿<?xml version="1.0" encoding="utf-8"?>
<deployment>
  <id>825cca89-8f60-450c-938f-2c911dc02299</id>
  <author>N/A</author>
  <deployer>Push-Deployer</deployer>
  <authorEmail>N/A</authorEmail>
  <message>Created via a push deployment</message>
  <progress></progress>
  <status>Success</status>
  <statusText></statusText>
  <lastSuccessEndTime>2025-12-05T17:43:08.984806Z</lastSuccessEndTime>
  <receivedTime>2025-12-05T17:43:03.512167Z</receivedTime>
  <startTime>2025-12-05T17:43:04.90335Z</startTime>
  <endTime>2025-12-05T17:43:08.984806Z</endTime>
  <complete>True</complete>
  <is_temp>False</is_temp>
  <is_readonly>True</is_readonly>
  <buildSummary />
</deployment>