﻿<?xml version="1.0" encoding="utf-8"?>
<deployment>
  <id>93ce9b5a-8f56-4758-a085-365c4fabdb66</id>
  <author>N/A</author>
  <deployer>Push-Deployer</deployer>
  <authorEmail>N/A</authorEmail>
  <message>Created via a push deployment</message>
  <progress></progress>
  <status>Success</status>
  <statusText></statusText>
  <lastSuccessEndTime>2025-12-05T17:37:49.2726259Z</lastSuccessEndTime>
  <receivedTime>2025-12-05T17:37:41.6696708Z</receivedTime>
  <startTime>2025-12-05T17:37:43.0283376Z</startTime>
  <endTime>2025-12-05T17:37:49.2726259Z</endTime>
  <complete>True</complete>
  <is_temp>False</is_temp>
  <is_readonly>True</is_readonly>
  <buildSummary />
</deployment>