{
  "Version": 1,
  "ManifestType": "Publish",
  "Endpoints": [
    {
      "Route": "Images/OneJax Logo.3po725zelo.png",
      "AssetFile": "Images/OneJax Logo.png",
      "Selectors": [],
      "ResponseHeaders": [
        {
          "Name": "Accept-Ranges",
          "Value": "bytes"
        },
        {
          "Name": "Cache-Control",
          "Value": "max-age=31536000, immutable"
        },
        {
          "Name": "Content-Length",
          "Value": "5098"
        },
        {
          "Name": "Content-Type",
          "Value": "image/png"
        },
        {
          "Name": "ETag",
          "Value": "\"OWEWuOwqv6nU3JmUrZl9OmzXW5iaPEjo5Mpx3Br/Dyw=\""
        },
        {
          "Name": "Last-Modified",
          "Value": "Thu, 02 Oct 2025 15:44:46 GMT"
        }
      ],
      "EndpointProperties": [
        {
          "Name": "fingerprint",
          "Value": "3po725zelo"
        },
        {
          "Name": "integrity",
          "Value": "sha256-OWEWuOwqv6nU3JmUrZl9OmzXW5iaPEjo5Mpx3Br/Dyw="
        },
        {
          "Name": "label",
          "Value": "Images/OneJax Logo.png"
        }
      ]
    },
    {
      "Route": "Images/OneJax Logo.png",
      "AssetFile": "Images/OneJax Logo.png",
      "Selectors": [],
      "ResponseHeaders": [
        {
          "Name": "Accept-Ranges",
          "Value": "bytes"
        },
        {
          "Name": "Cache-Control",
          "Value": "max-age=3600, must-revalidate"
        },
        {
          "Name": "Content-Length",
          "Value": "5098"
        },
        {
          "Name": "Content-Type",
          "Value": "image/png"
        },
        {
          "Name": "ETag",
          "Value": "\"OWEWuOwqv6nU3JmUrZl9OmzXW5iaPEjo5Mpx3Br/Dyw=\""
        },
        {
          "Name": "Last-Modified",
          "Value": "Thu, 02 Oct 2025 15:44:46 GMT"
        }
      ],
      "EndpointProperties": [
        {
          "Name": "integrity",
          "Value": "sha256-OWEWuOwqv6nU3JmUrZl9OmzXW5iaPEjo5Mpx3Br/Dyw="
        }
      ]
    },
    {
      "Route": "css/dashboard.css",
      "AssetFile": "css/dashboard.css",
      "Selectors": [],
      "ResponseHeaders": [
        {
          "Name": "Accept-Ranges",
          "Value": "bytes"
        },
        {
          "Name": "Cache-Control",
          "Value": "no-cache"
        },
        {
          "Name": "Content-Length",
          "Value": "4563"
        },
        {
          "Name": "Content-Type",
          "Value": "text/css"
        },
        {
          "Name": "ETag",
          "Value": "\"lnLNpHj6xWXV60geg9RwnU87C5EzQjSX/Mq+Cl2PJX8=\""
        },
        {
          "Name": "Last-Modified",
          "Value": "Wed, 22 Oct 2025 01:14:07 GMT"
        }
      ],
      "EndpointProperties": [
        {
          "Name": "integrity",
          "Value": "sha256-lnLNpHj6xWXV60geg9RwnU87C5EzQjSX/Mq+Cl2PJX8="
        }
      ]
    },
    {
      "Route": "css/dashboard.qcao7vw88y.css",
      "AssetFile": "css/dashboard.css",
      "Selectors": [],
      "ResponseHeaders": [
        {
          "Name": "Accept-Ranges",
          "Value": "bytes"
        },
        {
          "Name": "Cache-Control",
          "Value": "max-age=31536000, immutable"
        },
        {
          "Name": "Content-Length",
          "Value": "4563"
        },
        {
          "Name": "Content-Type",
          "Value": "text/css"
        },
        {
          "Name": "ETag",
          "Value": "\"lnLNpHj6xWXV60geg9RwnU87C5EzQjSX/Mq+Cl2PJX8=\""
        },
        {
          "Name": "Last-Modified",
          "Value": "Wed, 22 Oct 2025 01:14:07 GMT"
        }
      ],
      "EndpointProperties": [
        {
          "Name": "fingerprint",
          "Value": "qcao7vw88y"
        },
        {
          "Name": "integrity",
          "Value": "sha256-lnLNpHj6xWXV60geg9RwnU87C5EzQjSX/Mq+Cl2PJX8="
        },
        {
          "Name": "label",
          "Value": "css/dashboard.css"
        }
      ]
    }
  ]
}