﻿<?xml version="1.0" encoding="utf-8"?>
<deployment>
  <id>713b64ae-1477-41ad-a335-2be791a3902e</id>
  <author>N/A</author>
  <deployer>OneDeploy</deployer>
  <authorEmail>N/A</authorEmail>
  <message>OneDeploy</message>
  <progress></progress>
  <status>Success</status>
  <statusText></statusText>
  <lastSuccessEndTime>2025-12-05T17:46:04.2757391Z</lastSuccessEndTime>
  <receivedTime>2025-12-05T17:45:58.0193064Z</receivedTime>
  <startTime>2025-12-05T17:45:59.3761654Z</startTime>
  <endTime>2025-12-05T17:46:04.2757391Z</endTime>
  <complete>True</complete>
  <is_temp>False</is_temp>
  <is_readonly>True</is_readonly>
  <buildSummary />
</deployment>