<step title="Incoming Request" date="2025-12-05T17:45:44.029" instance="2f7304" url="/api/publish?type=zip" method="POST" type="request" pid="831,1,16" Accept="*/*" Host="onejaxstrategicdashboard-ejftgybvekcacfcw.scm.eastus2-01.azurewebsites.net" User-Agent="AZURECLI/2.81.0 (HOMEBREW)" Accept-Encoding="gzip, deflate" Authorization="Bea..." Cache-Control="no-cache" Content-Type="application/octet-stream" Cookie="ARRAffinity=2f7304d91d1f4f076ec0049a36f555b13917fcc60611478a05a36cbfae0534eb; ARRAffinitySameSite=2f7304d91d1f4f076ec0049a36f555b13917fcc60611478a05a36cbfae0534eb" Content-Length="21726425" x-ms-client-request-id="33ea7294-d202-11f0-b168-acde48001122" x-ms-artifact-checksum="49bff503a0a43e837f8d0691c79ebbdde84bc30a8a04bdf9e915de97afade979" X-ARR-LOG-ID="33ea7294-d202-11f0-b168-acde48001122" CLIENT-IP="73.105.22.189:53804" X-SITE-DEPLOYMENT-ID="OneJaxStrategicDashboard" WAS-DEFAULT-HOSTNAME="onejaxstrategicdashboard-ejftgybvekcacfcw.scm.eastus2-01.azurewebsites.net" X-Forwarded-Proto="https" X-AppService-Proto="https" X-Forwarded-TlsVersion="1.3" X-WAWS-Unencoded-URL="/api/publish?type=zip" X-Client-IP="73.105.22.189" X-Client-Port="53804" >
  <step title="OneDeploy" date="2025-12-05T17:45:44.111" >
    <step title="Starting PushDeployAsync" date="2025-12-05T17:45:44.131" /><!-- duration: 10ms -->
    <step title="Writing artifact to /tmp/zipdeploy/0631844c-bffd-4f1a-8b65-a0f99c8e4573.zip" date="2025-12-05T17:45:44.165" >
      <step title="Writing multipart request body to /tmp/zipdeploy/0631844c-bffd-4f1a-8b65-a0f99c8e4573.zip" date="2025-12-05T17:45:44.169" /><!-- duration: 15ms -->
    </step><!-- duration: 8472ms -->
    <step title="Attempting to fetch target branch HEAD" date="2025-12-05T17:45:52.659" /><!-- duration: 3ms -->
    <step title="Acquiring Deployment Lock" date="2025-12-05T17:45:52.666" /><!-- duration: 3ms -->
    <step title="Acquired Deployment Lock" date="2025-12-05T17:45:52.697" /><!-- duration: 4ms -->
    <step title="Performing fetch based deployment" date="2025-12-05T17:45:52.714" >
      <step title="Creating temporary deployment" date="2025-12-05T17:45:52.727" /><!-- duration: 60ms -->
      <step title="Releasing Deployment Lock" date="2025-12-05T17:45:53.941" /><!-- duration: 7ms -->
      <step title="Cleaning up temp folders from previous zip deployments and extracting pushed zip file /tmp/zipdeploy/0631844c-bffd-4f1a-8b65-a0f99c8e4573.zip (20.72 MB) to /tmp/zipdeploy/extracted" date="2025-12-05T17:45:53.970" >
        <step title="ChmodRecursive Process exited with total time taken in ms: 54" date="2025-12-05T17:45:55.817" /><!-- duration: 15ms -->
      </step><!-- duration: 1869ms -->
      <step title="None repository commit" date="2025-12-05T17:45:55.846" >
        <step title="Commit id: 713b64ae-1477-41ad-a335-2be791a3902e" date="2025-12-05T17:45:55.850" Message="OneDeploy" AuthorName="N/A" AuthorEmail="N/A" /><!-- duration: 6ms -->
      </step><!-- duration: 14ms -->
      <step title="Deployment timer started" date="2025-12-05T17:45:57.866" >
        <step title="DeploymentManager.Deploy(id:713b64ae-1477-41ad-a335-2be791a3902e)" date="2025-12-05T17:45:57.872" >
          <step title="Collecting changeset information" date="2025-12-05T17:45:57.996" /><!-- duration: 87ms -->
          <step title="Updating submodules" date="2025-12-05T17:45:58.099" /><!-- duration: 1130ms -->
          <step title="Determining deployment builder" date="2025-12-05T17:45:59.439" >
            <step title="Builder is OneDeployBuilder" date="2025-12-05T17:45:59.456" /><!-- duration: 4ms -->
          </step><!-- duration: 26ms -->
          <step title="PreDeployment: context.CleanOutputPath False" date="2025-12-05T17:45:59.506" >
            <step title="PreDeployment: context.OutputPath /home/site/wwwroot" date="2025-12-05T17:45:59.633" >
              <step title="Building" date="2025-12-05T17:45:59.765" >
                <step title="Executing external process" date="2025-12-05T17:46:00.403" type="process" path="starter.sh" arguments="/opt/Kudu/Scripts/parallel_rsync.sh /tmp/zipdeploy/extracted /home/site/wwwroot 8 /tmp/ False False  " /><!-- duration: 3061ms -->
                <step title="Modified file to trigger a restart of the app container." date="2025-12-05T17:46:03.864" /><!-- duration: 6ms -->
                <step title="Skip function trigger and logicapp sync because function is not enabled." date="2025-12-05T17:46:03.875" /><!-- duration: 8ms -->
              </step><!-- duration: 4970ms -->
            </step><!-- duration: 5121ms -->
            <step title="Cleaning up temp files" date="2025-12-05T17:46:04.761" /><!-- duration: 5ms -->
            <step title="Cleaning up temp files" date="2025-12-05T17:46:04.781" /><!-- duration: 596ms -->
            <step title="Reloading status file with latest updates" date="2025-12-05T17:46:05.407" >
              <step title="WebHooksManager.PublishEventAsync: PostDeployment" date="2025-12-05T17:46:05.412" /><!-- duration: 25ms -->
            </step><!-- duration: 34ms -->
            <step title="Cleaning up temporary deployment - fetch deployment was successful" date="2025-12-05T17:46:05.445" /><!-- duration: 3ms -->
          </step><!-- duration: 6003ms -->
        </step><!-- duration: 7645ms -->
        <step title="Outgoing response" date="2025-12-05T17:46:05.521" type="response" statusCode="200" statusText="OK" /><!-- duration: 5ms -->
      </step><!-- duration: 7664ms -->
