<step title="BackgroundTrace" date="2025-12-05T17:42:58.234" instance="2f7304" url="/api/zipdeploy" method="POST" >
  <step title="Cleanup Xml Logs" date="2025-12-05T17:42:58.244" /><!-- duration: 11ms -->
  <step title="Creating temporary deployment - FetchDeploymentManager" date="2025-12-05T17:42:58.318" /><!-- duration: 5ms -->
  <step title="Creating temporary deployment" date="2025-12-05T17:42:58.331" /><!-- duration: 173ms -->
  <step title="Performing fetch based deployment" date="2025-12-05T17:42:58.592" >
    <step title="Cleaning up temp folders from previous zip deployments and extracting pushed zip file /tmp/zipdeploy/f7528f5e-cfad-47ec-94e8-6b4a0d714abd.zip (20.72 MB) to /tmp/zipdeploy/extracted" date="2025-12-05T17:42:59.743" >
      <step title="ChmodRecursive Process exited with total time taken in ms: 99" date="2025-12-05T17:43:01.393" /><!-- duration: 7ms -->
    </step><!-- duration: 1662ms -->
    <step title="Deployment timer started" date="2025-12-05T17:43:03.426" >
      <step title="DeploymentManager.Deploy(id:825cca89-8f60-450c-938f-2c911dc02299)" date="2025-12-05T17:43:03.433" >
        <step title="Collecting changeset information" date="2025-12-05T17:43:03.456" /><!-- duration: 112ms -->
        <step title="Updating submodules" date="2025-12-05T17:43:03.577" /><!-- duration: 1151ms -->
        <step title="Determining deployment builder" date="2025-12-05T17:43:04.967" >
          <step title="Builder is BasicBuilder" date="2025-12-05T17:43:04.991" /><!-- duration: 12ms -->
        </step><!-- duration: 44ms -->
        <step title="PreDeployment: context.CleanOutputPath False" date="2025-12-05T17:43:05.069" >
          <step title="PreDeployment: context.OutputPath /home/site/wwwroot" date="2025-12-05T17:43:05.197" >
            <step title="Building" date="2025-12-05T17:43:05.327" >
              <step title="Executing external process" date="2025-12-05T17:43:05.615" type="process" path="starter.sh" arguments="/opt/Kudu/Scripts/parallel_rsync.sh /tmp/zipdeploy/extracted /home/site/wwwroot 8 /tmp/ False True  " /><!-- duration: 2643ms -->
              <step title="Triggering recycle (preview mode disabled)." date="2025-12-05T17:43:08.556" /><!-- duration: 11ms -->
              <step title="Modified file to trigger a restart of the app container." date="2025-12-05T17:43:08.599" /><!-- duration: 5ms -->
              <step title="Skip function trigger and logicapp sync because function is not enabled." date="2025-12-05T17:43:08.608" /><!-- duration: 3ms -->
            </step><!-- duration: 4050ms -->
          </step><!-- duration: 4196ms -->
          <step title="Cleaning up temp files" date="2025-12-05T17:43:09.396" /><!-- duration: 4ms -->
          <step title="Cleaning up temp files" date="2025-12-05T17:43:09.412" /><!-- duration: 509ms -->
          <step title="Reloading status file with latest updates" date="2025-12-05T17:43:09.972" >
            <step title="WebHooksManager.PublishEventAsync: PostDeployment" date="2025-12-05T17:43:09.977" /><!-- duration: 46ms -->
          </step><!-- duration: 58ms -->
          <step title="Cleaning up temporary deployment - fetch deployment was successful" date="2025-12-05T17:43:10.039" /><!-- duration: 7ms -->
        </step><!-- duration: 5062ms -->
      </step><!-- duration: 6725ms -->
