<step title="Incoming Request" date="2025-12-05T17:20:02.018" instance="2f7304" url="/api/zipdeploy?isAsync=true" method="POST" type="request" pid="831,1,7" Accept="*/*" Host="onejaxstrategicdashboard-ejftgybvekcacfcw.scm.eastus2-01.azurewebsites.net" User-Agent="AZURECLI/2.81.0 (HOMEBREW)" Accept-Encoding="gzip, deflate" Authorization="Bea..." Cache-Control="no-cache" Content-Type="application/octet-stream" Content-Length="21728313" x-ms-client-request-id="9f3a0662-d1fe-11f0-8074-acde48001122" x-ms-artifact-checksum="3e536ce5b99028593ea08a48f740d854d60af6505e0417b3c335aeadbbf86ad6" X-ARR-LOG-ID="9f3a0662-d1fe-11f0-8074-acde48001122" CLIENT-IP="73.105.22.189:53549" X-SITE-DEPLOYMENT-ID="OneJaxStrategicDashboard" WAS-DEFAULT-HOSTNAME="onejaxstrategicdashboard-ejftgybvekcacfcw.scm.eastus2-01.azurewebsites.net" X-Forwarded-Proto="https" X-AppService-Proto="https" X-Forwarded-TlsVersion="1.3" X-WAWS-Unencoded-URL="/api/zipdeploy?isAsync=true" X-Client-IP="73.105.22.189" X-Client-Port="53549" >
  <step title="Cleanup Xml Logs" date="2025-12-05T17:20:02.023" /><!-- duration: 13ms -->
  <step title="ZipPushDeploy" date="2025-12-05T17:20:02.306" >
    <step title="ZipDeploy. Extract zip." date="2025-12-05T17:20:02.324" /><!-- duration: 4ms -->
    <step title="None repository commit" date="2025-12-05T17:20:02.343" >
      <step title="Commit id: 22572e4b-2d61-401c-9e7b-7e4296b89628" date="2025-12-05T17:20:02.348" Message="N/A" AuthorName="N/A" AuthorEmail="N/A" /><!-- duration: 4ms -->
    </step><!-- duration: 13ms -->
    <step title="Starting PushDeployAsync" date="2025-12-05T17:20:02.364" /><!-- duration: 5ms -->
    <step title="Writing artifact to /tmp/zipdeploy/cc71e723-179a-4f8e-8781-91c3ace384a7.zip" date="2025-12-05T17:20:02.403" >
      <step title="Writing multipart request body to /tmp/zipdeploy/cc71e723-179a-4f8e-8781-91c3ace384a7.zip" date="2025-12-05T17:20:02.416" /><!-- duration: 7ms -->
    </step><!-- duration: 2641ms -->
    <step title="Start deployment in the background" date="2025-12-05T17:20:05.061" >
      <step title="Acquiring Deployment Lock" date="2025-12-05T17:20:05.128" /><!-- duration: 9ms -->
      <step title="Acquired Deployment Lock" date="2025-12-05T17:20:05.199" /><!-- duration: 11ms -->
    </step><!-- duration: 424ms -->
  </step><!-- duration: 3195ms -->
  <step title="Outgoing response" date="2025-12-05T17:20:05.547" type="response" statusCode="202" statusText="Accepted" /><!-- duration: 5ms -->
</step><!-- duration: 3542ms -->
